Season,League,G,TBF,ERA,H,2B,3B,R,ER,HR,BB,IBB,HBP,SO,AVG,OBP,SLG,wOBA
Total,MLB,20693,182449,4.07894,39823,7771,697,21343,19541,5453,14929,509,2020,41197,0.218269215,0.312036935,0.396064028,
