Season,League,G,TBF,ERA,H,2B,3B,R,ER,HR,BB,IBB,HBP,SO,AVG,OBP,SLG,wOBA
"Total","MLB",10866,97388,4.03174488,21129,4169,375,11323,10325,2795,7987,260,1088,21627,0.241944349,0.31112164,0.394286041,0.3094067631710849