Season,League,G,TBF,ERA,H,2B,3B,R,ER,HR,BB,IBB,HBP,SO,AVG,OBP,SLG,wOBA
"Total","MLB",12473,111500,4.03183,24214,4764,434,12947,11827,3262,9136,306,1255,24838,0.242178748,0.311344435,0.396383421,0.30958462521959346